App,,Precision,Recall,F1,Effective input tokens,Output tokens,Effective tokens,Duration (s)
WebTestBench_0001,Baseline,=metrics!E12,=metrics!F12,=metrics!G12,=metrics!Q12,=metrics!R12,=metrics!S12,=metrics!J12
,± 95% CI,=metrics!E13,=metrics!F13,=metrics!G13,=metrics!Q13,=metrics!R13,=metrics!S13,=metrics!J13
,Hinted,=metrics!E180,=metrics!F180,=metrics!G180,=metrics!Q180,=metrics!R180,=metrics!S180,=metrics!J180
,± 95% CI,=metrics!E181,=metrics!F181,=metrics!G181,=metrics!Q181,=metrics!R181,=metrics!S181,=metrics!J181
,Effect,"=IFERROR(C4-C2,"""")","=IFERROR(D4-D2,"""")","=IFERROR(E4-E2,"""")","=IFERROR((F4-F2)/ABS(F2),"""")","=IFERROR((G4-G2)/ABS(G2),"""")","=IFERROR((H4-H2)/ABS(H2),"""")","=IFERROR((I4-I2)/ABS(I2),"""")"
,p-value,=metrics!E182,=metrics!F182,=metrics!G182,=metrics!Q182,=metrics!R182,=metrics!S182,=metrics!J182
WebTestBench_0003,Baseline,=metrics!E24,=metrics!F24,=metrics!G24,=metrics!Q24,=metrics!R24,=metrics!S24,=metrics!J24
,± 95% CI,=metrics!E25,=metrics!F25,=metrics!G25,=metrics!Q25,=metrics!R25,=metrics!S25,=metrics!J25
,Hinted,=metrics!E193,=metrics!F193,=metrics!G193,=metrics!Q193,=metrics!R193,=metrics!S193,=metrics!J193
,± 95% CI,=metrics!E194,=metrics!F194,=metrics!G194,=metrics!Q194,=metrics!R194,=metrics!S194,=metrics!J194
,Effect,"=IFERROR(C10-C8,"""")","=IFERROR(D10-D8,"""")","=IFERROR(E10-E8,"""")","=IFERROR((F10-F8)/ABS(F8),"""")","=IFERROR((G10-G8)/ABS(G8),"""")","=IFERROR((H10-H8)/ABS(H8),"""")","=IFERROR((I10-I8)/ABS(I8),"""")"
,p-value,=metrics!E195,=metrics!F195,=metrics!G195,=metrics!Q195,=metrics!R195,=metrics!S195,=metrics!J195
WebTestBench_0004,Baseline,=metrics!E36,=metrics!F36,=metrics!G36,=metrics!Q36,=metrics!R36,=metrics!S36,=metrics!J36
,± 95% CI,=metrics!E37,=metrics!F37,=metrics!G37,=metrics!Q37,=metrics!R37,=metrics!S37,=metrics!J37
,Hinted,=metrics!E206,=metrics!F206,=metrics!G206,=metrics!Q206,=metrics!R206,=metrics!S206,=metrics!J206
,± 95% CI,=metrics!E207,=metrics!F207,=metrics!G207,=metrics!Q207,=metrics!R207,=metrics!S207,=metrics!J207
,Effect,"=IFERROR(C16-C14,"""")","=IFERROR(D16-D14,"""")","=IFERROR(E16-E14,"""")","=IFERROR((F16-F14)/ABS(F14),"""")","=IFERROR((G16-G14)/ABS(G14),"""")","=IFERROR((H16-H14)/ABS(H14),"""")","=IFERROR((I16-I14)/ABS(I14),"""")"
,p-value,=metrics!E208,=metrics!F208,=metrics!G208,=metrics!Q208,=metrics!R208,=metrics!S208,=metrics!J208
WebTestBench_0005,Baseline,=metrics!E48,=metrics!F48,=metrics!G48,=metrics!Q48,=metrics!R48,=metrics!S48,=metrics!J48
,± 95% CI,=metrics!E49,=metrics!F49,=metrics!G49,=metrics!Q49,=metrics!R49,=metrics!S49,=metrics!J49
,Hinted,=metrics!E219,=metrics!F219,=metrics!G219,=metrics!Q219,=metrics!R219,=metrics!S219,=metrics!J219
,± 95% CI,=metrics!E220,=metrics!F220,=metrics!G220,=metrics!Q220,=metrics!R220,=metrics!S220,=metrics!J220
,Effect,"=IFERROR(C22-C20,"""")","=IFERROR(D22-D20,"""")","=IFERROR(E22-E20,"""")","=IFERROR((F22-F20)/ABS(F20),"""")","=IFERROR((G22-G20)/ABS(G20),"""")","=IFERROR((H22-H20)/ABS(H20),"""")","=IFERROR((I22-I20)/ABS(I20),"""")"
,p-value,=metrics!E221,=metrics!F221,=metrics!G221,=metrics!Q221,=metrics!R221,=metrics!S221,=metrics!J221
WebTestBench_0006,Baseline,=metrics!E60,=metrics!F60,=metrics!G60,=metrics!Q60,=metrics!R60,=metrics!S60,=metrics!J60
,± 95% CI,=metrics!E61,=metrics!F61,=metrics!G61,=metrics!Q61,=metrics!R61,=metrics!S61,=metrics!J61
,Hinted,=metrics!E232,=metrics!F232,=metrics!G232,=metrics!Q232,=metrics!R232,=metrics!S232,=metrics!J232
,± 95% CI,=metrics!E233,=metrics!F233,=metrics!G233,=metrics!Q233,=metrics!R233,=metrics!S233,=metrics!J233
,Effect,"=IFERROR(C28-C26,"""")","=IFERROR(D28-D26,"""")","=IFERROR(E28-E26,"""")","=IFERROR((F28-F26)/ABS(F26),"""")","=IFERROR((G28-G26)/ABS(G26),"""")","=IFERROR((H28-H26)/ABS(H26),"""")","=IFERROR((I28-I26)/ABS(I26),"""")"
,p-value,=metrics!E234,=metrics!F234,=metrics!G234,=metrics!Q234,=metrics!R234,=metrics!S234,=metrics!J234
WebTestBench_0010,Baseline,=metrics!E72,=metrics!F72,=metrics!G72,=metrics!Q72,=metrics!R72,=metrics!S72,=metrics!J72
,± 95% CI,=metrics!E73,=metrics!F73,=metrics!G73,=metrics!Q73,=metrics!R73,=metrics!S73,=metrics!J73
,Hinted,=metrics!E245,=metrics!F245,=metrics!G245,=metrics!Q245,=metrics!R245,=metrics!S245,=metrics!J245
,± 95% CI,=metrics!E246,=metrics!F246,=metrics!G246,=metrics!Q246,=metrics!R246,=metrics!S246,=metrics!J246
,Effect,"=IFERROR(C34-C32,"""")","=IFERROR(D34-D32,"""")","=IFERROR(E34-E32,"""")","=IFERROR((F34-F32)/ABS(F32),"""")","=IFERROR((G34-G32)/ABS(G32),"""")","=IFERROR((H34-H32)/ABS(H32),"""")","=IFERROR((I34-I32)/ABS(I32),"""")"
,p-value,=metrics!E247,=metrics!F247,=metrics!G247,=metrics!Q247,=metrics!R247,=metrics!S247,=metrics!J247
WebTestBench_0019,Baseline,=metrics!E84,=metrics!F84,=metrics!G84,=metrics!Q84,=metrics!R84,=metrics!S84,=metrics!J84
,± 95% CI,=metrics!E85,=metrics!F85,=metrics!G85,=metrics!Q85,=metrics!R85,=metrics!S85,=metrics!J85
,Hinted,=metrics!E258,=metrics!F258,=metrics!G258,=metrics!Q258,=metrics!R258,=metrics!S258,=metrics!J258
,± 95% CI,=metrics!E259,=metrics!F259,=metrics!G259,=metrics!Q259,=metrics!R259,=metrics!S259,=metrics!J259
,Effect,"=IFERROR(C40-C38,"""")","=IFERROR(D40-D38,"""")","=IFERROR(E40-E38,"""")","=IFERROR((F40-F38)/ABS(F38),"""")","=IFERROR((G40-G38)/ABS(G38),"""")","=IFERROR((H40-H38)/ABS(H38),"""")","=IFERROR((I40-I38)/ABS(I38),"""")"
,p-value,=metrics!E260,=metrics!F260,=metrics!G260,=metrics!Q260,=metrics!R260,=metrics!S260,=metrics!J260
WebTestBench_0023,Baseline,=metrics!E96,=metrics!F96,=metrics!G96,=metrics!Q96,=metrics!R96,=metrics!S96,=metrics!J96
,± 95% CI,=metrics!E97,=metrics!F97,=metrics!G97,=metrics!Q97,=metrics!R97,=metrics!S97,=metrics!J97
,Hinted,=metrics!E271,=metrics!F271,=metrics!G271,=metrics!Q271,=metrics!R271,=metrics!S271,=metrics!J271
,± 95% CI,=metrics!E272,=metrics!F272,=metrics!G272,=metrics!Q272,=metrics!R272,=metrics!S272,=metrics!J272
,Effect,"=IFERROR(C46-C44,"""")","=IFERROR(D46-D44,"""")","=IFERROR(E46-E44,"""")","=IFERROR((F46-F44)/ABS(F44),"""")","=IFERROR((G46-G44)/ABS(G44),"""")","=IFERROR((H46-H44)/ABS(H44),"""")","=IFERROR((I46-I44)/ABS(I44),"""")"
,p-value,=metrics!E273,=metrics!F273,=metrics!G273,=metrics!Q273,=metrics!R273,=metrics!S273,=metrics!J273
WebTestBench_0045,Baseline,=metrics!E108,=metrics!F108,=metrics!G108,=metrics!Q108,=metrics!R108,=metrics!S108,=metrics!J108
,± 95% CI,=metrics!E109,=metrics!F109,=metrics!G109,=metrics!Q109,=metrics!R109,=metrics!S109,=metrics!J109
,Hinted,=metrics!E284,=metrics!F284,=metrics!G284,=metrics!Q284,=metrics!R284,=metrics!S284,=metrics!J284
,± 95% CI,=metrics!E285,=metrics!F285,=metrics!G285,=metrics!Q285,=metrics!R285,=metrics!S285,=metrics!J285
,Effect,"=IFERROR(C52-C50,"""")","=IFERROR(D52-D50,"""")","=IFERROR(E52-E50,"""")","=IFERROR((F52-F50)/ABS(F50),"""")","=IFERROR((G52-G50)/ABS(G50),"""")","=IFERROR((H52-H50)/ABS(H50),"""")","=IFERROR((I52-I50)/ABS(I50),"""")"
,p-value,=metrics!E286,=metrics!F286,=metrics!G286,=metrics!Q286,=metrics!R286,=metrics!S286,=metrics!J286
WebTestBench_0054,Baseline,=metrics!E120,=metrics!F120,=metrics!G120,=metrics!Q120,=metrics!R120,=metrics!S120,=metrics!J120
,± 95% CI,=metrics!E121,=metrics!F121,=metrics!G121,=metrics!Q121,=metrics!R121,=metrics!S121,=metrics!J121
,Hinted,=metrics!E297,=metrics!F297,=metrics!G297,=metrics!Q297,=metrics!R297,=metrics!S297,=metrics!J297
,± 95% CI,=metrics!E298,=metrics!F298,=metrics!G298,=metrics!Q298,=metrics!R298,=metrics!S298,=metrics!J298
,Effect,"=IFERROR(C58-C56,"""")","=IFERROR(D58-D56,"""")","=IFERROR(E58-E56,"""")","=IFERROR((F58-F56)/ABS(F56),"""")","=IFERROR((G58-G56)/ABS(G56),"""")","=IFERROR((H58-H56)/ABS(H56),"""")","=IFERROR((I58-I56)/ABS(I56),"""")"
,p-value,=metrics!E299,=metrics!F299,=metrics!G299,=metrics!Q299,=metrics!R299,=metrics!S299,=metrics!J299
WebTestBench_0063,Baseline,=metrics!E132,=metrics!F132,=metrics!G132,=metrics!Q132,=metrics!R132,=metrics!S132,=metrics!J132
,± 95% CI,=metrics!E133,=metrics!F133,=metrics!G133,=metrics!Q133,=metrics!R133,=metrics!S133,=metrics!J133
,Hinted,=metrics!E310,=metrics!F310,=metrics!G310,=metrics!Q310,=metrics!R310,=metrics!S310,=metrics!J310
,± 95% CI,=metrics!E311,=metrics!F311,=metrics!G311,=metrics!Q311,=metrics!R311,=metrics!S311,=metrics!J311
,Effect,"=IFERROR(C64-C62,"""")","=IFERROR(D64-D62,"""")","=IFERROR(E64-E62,"""")","=IFERROR((F64-F62)/ABS(F62),"""")","=IFERROR((G64-G62)/ABS(G62),"""")","=IFERROR((H64-H62)/ABS(H62),"""")","=IFERROR((I64-I62)/ABS(I62),"""")"
,p-value,=metrics!E312,=metrics!F312,=metrics!G312,=metrics!Q312,=metrics!R312,=metrics!S312,=metrics!J312
WebTestBench_0074,Baseline,=metrics!E144,=metrics!F144,=metrics!G144,=metrics!Q144,=metrics!R144,=metrics!S144,=metrics!J144
,± 95% CI,=metrics!E145,=metrics!F145,=metrics!G145,=metrics!Q145,=metrics!R145,=metrics!S145,=metrics!J145
,Hinted,=metrics!E323,=metrics!F323,=metrics!G323,=metrics!Q323,=metrics!R323,=metrics!S323,=metrics!J323
,± 95% CI,=metrics!E324,=metrics!F324,=metrics!G324,=metrics!Q324,=metrics!R324,=metrics!S324,=metrics!J324
,Effect,"=IFERROR(C70-C68,"""")","=IFERROR(D70-D68,"""")","=IFERROR(E70-E68,"""")","=IFERROR((F70-F68)/ABS(F68),"""")","=IFERROR((G70-G68)/ABS(G68),"""")","=IFERROR((H70-H68)/ABS(H68),"""")","=IFERROR((I70-I68)/ABS(I68),"""")"
,p-value,=metrics!E325,=metrics!F325,=metrics!G325,=metrics!Q325,=metrics!R325,=metrics!S325,=metrics!J325
WebTestBench_0089,Baseline,=metrics!E156,=metrics!F156,=metrics!G156,=metrics!Q156,=metrics!R156,=metrics!S156,=metrics!J156
,± 95% CI,=metrics!E157,=metrics!F157,=metrics!G157,=metrics!Q157,=metrics!R157,=metrics!S157,=metrics!J157
,Hinted,=metrics!E336,=metrics!F336,=metrics!G336,=metrics!Q336,=metrics!R336,=metrics!S336,=metrics!J336
,± 95% CI,=metrics!E337,=metrics!F337,=metrics!G337,=metrics!Q337,=metrics!R337,=metrics!S337,=metrics!J337
,Effect,"=IFERROR(C76-C74,"""")","=IFERROR(D76-D74,"""")","=IFERROR(E76-E74,"""")","=IFERROR((F76-F74)/ABS(F74),"""")","=IFERROR((G76-G74)/ABS(G74),"""")","=IFERROR((H76-H74)/ABS(H74),"""")","=IFERROR((I76-I74)/ABS(I74),"""")"
,p-value,=metrics!E338,=metrics!F338,=metrics!G338,=metrics!Q338,=metrics!R338,=metrics!S338,=metrics!J338
WebTestBench_0097,Baseline,=metrics!E168,=metrics!F168,=metrics!G168,=metrics!Q168,=metrics!R168,=metrics!S168,=metrics!J168
,± 95% CI,=metrics!E169,=metrics!F169,=metrics!G169,=metrics!Q169,=metrics!R169,=metrics!S169,=metrics!J169
,Hinted,=metrics!E349,=metrics!F349,=metrics!G349,=metrics!Q349,=metrics!R349,=metrics!S349,=metrics!J349
,± 95% CI,=metrics!E350,=metrics!F350,=metrics!G350,=metrics!Q350,=metrics!R350,=metrics!S350,=metrics!J350
,Effect,"=IFERROR(C82-C80,"""")","=IFERROR(D82-D80,"""")","=IFERROR(E82-E80,"""")","=IFERROR((F82-F80)/ABS(F80),"""")","=IFERROR((G82-G80)/ABS(G80),"""")","=IFERROR((H82-H80)/ABS(H80),"""")","=IFERROR((I82-I80)/ABS(I80),"""")"
,p-value,=metrics!E351,=metrics!F351,=metrics!G351,=metrics!Q351,=metrics!R351,=metrics!S351,=metrics!J351
Mean effect,,"=IFERROR(AVERAGE({C6;C12;C18;C24;C30;C36;C42;C48;C54;C60;C66;C72;C78;C84}),"""")","=IFERROR(AVERAGE({D6;D12;D18;D24;D30;D36;D42;D48;D54;D60;D66;D72;D78;D84}),"""")","=IFERROR(AVERAGE({E6;E12;E18;E24;E30;E36;E42;E48;E54;E60;E66;E72;E78;E84}),"""")","=IFERROR(AVERAGE({F6;F12;F18;F24;F30;F36;F42;F48;F54;F60;F66;F72;F78;F84}),"""")","=IFERROR(AVERAGE({G6;G12;G18;G24;G30;G36;G42;G48;G54;G60;G66;G72;G78;G84}),"""")","=IFERROR(AVERAGE({H6;H12;H18;H24;H30;H36;H42;H48;H54;H60;H66;H72;H78;H84}),"""")","=IFERROR(AVERAGE({I6;I12;I18;I24;I30;I36;I42;I48;I54;I60;I66;I72;I78;I84}),"""")"
± 95% CI,,"=IFERROR(CONFIDENCE.T(0.05,STDEV({C6;C12;C18;C24;C30;C36;C42;C48;C54;C60;C66;C72;C78;C84}),COUNT({C6;C12;C18;C24;C30;C36;C42;C48;C54;C60;C66;C72;C78;C84})),0)","=IFERROR(CONFIDENCE.T(0.05,STDEV({D6;D12;D18;D24;D30;D36;D42;D48;D54;D60;D66;D72;D78;D84}),COUNT({D6;D12;D18;D24;D30;D36;D42;D48;D54;D60;D66;D72;D78;D84})),0)","=IFERROR(CONFIDENCE.T(0.05,STDEV({E6;E12;E18;E24;E30;E36;E42;E48;E54;E60;E66;E72;E78;E84}),COUNT({E6;E12;E18;E24;E30;E36;E42;E48;E54;E60;E66;E72;E78;E84})),0)","=IFERROR(CONFIDENCE.T(0.05,STDEV({F6;F12;F18;F24;F30;F36;F42;F48;F54;F60;F66;F72;F78;F84}),COUNT({F6;F12;F18;F24;F30;F36;F42;F48;F54;F60;F66;F72;F78;F84})),0)","=IFERROR(CONFIDENCE.T(0.05,STDEV({G6;G12;G18;G24;G30;G36;G42;G48;G54;G60;G66;G72;G78;G84}),COUNT({G6;G12;G18;G24;G30;G36;G42;G48;G54;G60;G66;G72;G78;G84})),0)","=IFERROR(CONFIDENCE.T(0.05,STDEV({H6;H12;H18;H24;H30;H36;H42;H48;H54;H60;H66;H72;H78;H84}),COUNT({H6;H12;H18;H24;H30;H36;H42;H48;H54;H60;H66;H72;H78;H84})),0)","=IFERROR(CONFIDENCE.T(0.05,STDEV({I6;I12;I18;I24;I30;I36;I42;I48;I54;I60;I66;I72;I78;I84}),COUNT({I6;I12;I18;I24;I30;I36;I42;I48;I54;I60;I66;I72;I78;I84})),0)"
p-value,,"=IFERROR(T.TEST({C6;C12;C18;C24;C30;C36;C42;C48;C54;C60;C66;C72;C78;C84},{0;0;0;0;0;0;0;0;0;0;0;0;0;0},2,1),""n/a"")","=IFERROR(T.TEST({D6;D12;D18;D24;D30;D36;D42;D48;D54;D60;D66;D72;D78;D84},{0;0;0;0;0;0;0;0;0;0;0;0;0;0},2,1),""n/a"")","=IFERROR(T.TEST({E6;E12;E18;E24;E30;E36;E42;E48;E54;E60;E66;E72;E78;E84},{0;0;0;0;0;0;0;0;0;0;0;0;0;0},2,1),""n/a"")","=IFERROR(T.TEST({F6;F12;F18;F24;F30;F36;F42;F48;F54;F60;F66;F72;F78;F84},{0;0;0;0;0;0;0;0;0;0;0;0;0;0},2,1),""n/a"")","=IFERROR(T.TEST({G6;G12;G18;G24;G30;G36;G42;G48;G54;G60;G66;G72;G78;G84},{0;0;0;0;0;0;0;0;0;0;0;0;0;0},2,1),""n/a"")","=IFERROR(T.TEST({H6;H12;H18;H24;H30;H36;H42;H48;H54;H60;H66;H72;H78;H84},{0;0;0;0;0;0;0;0;0;0;0;0;0;0},2,1),""n/a"")","=IFERROR(T.TEST({I6;I12;I18;I24;I30;I36;I42;I48;I54;I60;I66;I72;I78;I84},{0;0;0;0;0;0;0;0;0;0;0;0;0;0},2,1),""n/a"")"
